,Captan mean,Captan st.dev,Terbutylazine mean,Terbutylazine st.dev,Metolachlor mean,Metolachlor st.dev
5A,49.73586556368395,1.4901214084868954,122.73568520481854,26.33754733524495,,
5B,58.658906506440275,3.1119662863246105,139.24186738032014,12.192961313860527,,
6A,35.57340313042918,1.1467433189281695,116.23861526433659,10.847425436952582,1413.103598247505,102.99024334825356
6B1para5,37.91583418141056,2.6237295985375155,156.3265346375249,4.249074250098394,1011.8438585526565,39.63581030264876
6B,35.847956011414404,1.743013669609942,595.2930434880894,72.82492123856441,4177.674784598082,450.05973631754154
